"" , "$Gender missing" , 6177535
"$local" , "female" , 245492
"http://id.loc.gov/authorities/demographicTerms/dg2015060004" , "Females" , 108832
"http://id.loc.gov/authorities/subjects/sh2002006249" , "Women" , 2891
"$local" , "male" , 495051
"http://id.loc.gov/authorities/demographicTerms/dg2015060003" , "Males" , 227383
"$local" , "(lcdgt) males" , 3388
"http://id.loc.gov/authorities/subjects/sh85080137" , "Males" , 58462
"http://id.loc.gov/authorities/subjects/sh85047734" , "Females" , 36000
"$local" , "(iso5218) male" , 1250
"$local" , "not known" , 3295
"$local" , "Male" , 1662
"http://id.loc.gov/authorities/demographicTerms/dg2015060359" , "Men" , 5599
"http://id.loc.gov/authorities/subjects/sh85083510" , "Men" , 2776
"$local" , "(lcdgt) male" , 429
"$local" , "(lcsh) male" , 52
"http://id.loc.gov/authorities/demographicTerms/dg2015060003+http://id.loc.gov/authorities/demographicTerms/dg2015060359" , "Males+Men" , 16
"http://id.loc.gov/authorities/demographicTerms/dg2015060358" , "Women" , 3023
"$local" , "(lcsh) males" , 95
"$local" , "Female" , 857
"$local+http://id.loc.gov/authorities/subjects/sh85083510" , "eng+Men" , 3
"$local" , "(iso5218) female" , 900
"$local" , "(lcgft) Females" , 57
"$local" , "(lcdgt) female" , 210
"$local+http://id.loc.gov/authorities/demographicTerms/dg2015060003+http://id.loc.gov/authorities/demographicTerms/dg2015060359" , "male+Males+Men" , 165
"$local" , "(lcdgt) females" , 1975
"$local" , "ita" , 6
"$local" , "eng" , 141
"$local" , "(iso5218) Female" , 157
"$local" , "(lcdgt) men" , 496
"$local" , "males" , 195
"$local" , "Females" , 214
"$local" , "women" , 1
"$local" , "(iso5218) Male" , 325
"$local" , "Not known" , 82
"$local" , "(iso5218) not known" , 70
"$local+http://id.loc.gov/authorities/subjects/sh85028378" , "female+College teachers" , 3
"$local" , "(lcdgt) M ales" , 1
"$local+http://id.loc.gov/authorities/demographicTerms/dg2015060003" , "male+Males" , 238
"$local" , "female+male" , 24
"$local" , "Males" , 413
"$local+http://id.loc.gov/authorities/subjects/sh85080137" , "spa+Males" , 2
"$local" , "(lcsh) females" , 67
"$local" , "mal" , 14
"http://id.loc.gov/authorities/demographicTerms/dg2015060004+http://id.loc.gov/authorities/subjects/sh85061091" , "Females+Historians" , 1
"$local+http://id.loc.gov/authorities/demographicTerms/dg2015060003" , "(lcdgt) Females/Males+Males" , 1
"$local" , "(lcdgt) Male" , 286
"$local" , "(lcdgt) Female" , 302
"$local" , "females" , 112
"http://id.loc.gov/authorities/demographicTerms/dg2015060003+http://id.loc.gov/authorities/demographicTerms/dg2016060024" , "Males+University and college faculty members" , 9
"$local+http://id.loc.gov/authorities/demographicTerms/dg2015060004+http://id.loc.gov/authorities/demographicTerms/dg2015060358" , "female+Females+Women" , 77
"$local" , "spa" , 106
"$local+http://id.loc.gov/authorities/demographicTerms/dg2015060003+http://id.loc.gov/authorities/demographicTerms/dg2015060006" , "Transgender man+Males+Transgender people" , 2
"$local+http://id.loc.gov/authorities/demographicTerms/dg2015060004" , "female+Females" , 105
"$local" , "(edtf) Females" , 2
"$local" , "famale" , 7
"$local" , "fre" , 24
"$local" , "(lcdgtmale) Males" , 1
"http://id.loc.gov/authorities/demographicTerms/dg2015060003+http://id.loc.gov/authorities/subjects/sh85001882+http://id.loc.gov/authorities/subjects/sh91006121" , "Males+African American physicians+African American civil rights workers" , 1
"$local" , "(lcsgt) Males" , 1
"http://id.loc.gov/authorities/demographicTerms/dg2015060004+http://id.loc.gov/authorities/demographicTerms/dg2015060006" , "Females+Transgender people" , 21
"$local" , "(lcgft) Males" , 91
"http://id.loc.gov/authorities/demographicTerms/dg2016060024" , "University and college faculty members" , 11
"$local" , "(lcdt) Males" , 4
"http://id.loc.gov/authorities/subjects/sh85029386" , "Composers" , 3
"$local" , "(lcsh) female" , 30
"$local" , "chi" , 5
"$local" , "(lcsh) Female" , 65
"$local" , "male+female" , 21
"http://id.loc.gov/authorities/demographicTerms/dg2015060404" , "Scholars" , 1
"http://id.loc.gov/authorities/demographicTerms/dg2015060004+http://id.loc.gov/authorities/demographicTerms/dg2016060063" , "Females+Actors" , 2
"$local" , "(lcgbt) Males" , 12
"http://id.loc.gov/authorities/demographicTerms/dg2015060003+http://id.loc.gov/authorities/subjects/sh85076742" , "Males+Librettists" , 1
"http://id.loc.gov/authorities/subjects/sh2010015283+http://id.loc.gov/authorities/subjects/sh2017004882+http://id.loc.gov/authorities/subjects/sh85040970" , "Speculative fiction+Gender-nonconforming people+Editing" , 1
"$local" , "men" , 12
"http://id.loc.gov/authorities/demographicTerms/dg2015060003+http://id.loc.gov/authorities/demographicTerms/dg2015060004" , "Males+Females" , 26
"$local" , "(lcsh) Male" , 56
"$local" , "mael" , 1
"$local" , "(lcsh) Woman" , 1
"$local" , "ind+male" , 6
"$local" , "pol+eng" , 3
"$local" , "(edtf) Males" , 9
"http://id.loc.gov/authorities/subjects/sh85028378" , "College teachers" , 13
"http://id.loc.gov/authorities/demographicTerms/dg2015060078" , "Lawyers" , 1
"$local" , "males $2 lcdgt" , 29
"$local" , "masculino" , 2
"$local" , "(lcdgt) women" , 175
"http://id.loc.gov/authorities/demographicTerms/dg2015060004+http://id.loc.gov/authorities/demographicTerms/dg2016060025" , "Females+Intersex people" , 1
"$local" , "ben" , 4
"$local" , "Males $$2 lcdgt" , 2
"$local+$local+http://id.loc.gov/authorities/demographicTerms/dg2015060004" , "ger+eng+Females" , 2
"$local" , "fem" , 13
"$local" , "femela" , 1
"$local" , "unknown" , 65
"$local" , "(homoit) Gender fluid" , 2
"$local" , "ind+eng" , 1
"$local+http://id.loc.gov/authorities/demographicTerms/dg2015060003" , "eng+Males" , 25
"http://id.loc.gov/authorities/subjects/sh00006383+http://id.loc.gov/authorities/subjects/sh85017003+http://id.loc.gov/authorities/subjects/sh85104453+http://id.loc.gov/authorities/subjects/sh85136974" , "Lawyers+Broadcasters+Political scientists+Translators" , 1
"$local+http://id.loc.gov/authorities/subjects/sh85080137" , "not known+Males" , 4
"$local" , "Women" , 19
"$local" , "Men" , 13
"$local" , "eng+female" , 2
"$local" , "Females lcsh" , 1
"$local" , "Females+lcdgt" , 4
"$local" , "Madrid" , 1
"$local" , "gre" , 2
"$local" , "eng+fre" , 4
"http://id.loc.gov/authorities/demographicTerms/dg2015060003+http://id.loc.gov/authorities/demographicTerms/dg2015060345" , "Males+Armenians" , 4
"$local" , "(lcdgt) Femles" , 8
"$local" , "male+Author+Editor" , 1
"http://id.loc.gov/authorities/subjects/sh2007003708" , "Transgender people" , 10
"http://id.loc.gov/authorities/demographicTerms/dg2015060004+http://id.loc.gov/authorities/demographicTerms/dg2015060362" , "Females+African Americans" , 2
"http://id.loc.gov/authorities/demographicTerms/dg2015060359+http://id.loc.gov/authorities/subjects/sh85009793" , "Men+Authors" , 1
"$local" , "Males d2 lcdgt" , 17
"http://id.loc.gov/authorities/subjects/sh85082138" , "Mathematicians" , 2
"$local" , "(lcdgt) Transexuals" , 1
"$local" , "(lcsh) Males s" , 1
"http://id.loc.gov/authorities/demographicTerms/dg2015060004+http://id.loc.gov/authorities/subjects/sh85009793" , "Females+Authors" , 13
"http://id.loc.gov/authorities/subjects/sh85047734+http://id.loc.gov/authorities/subjects/sh85108746" , "Females+Public prosecutors" , 1
"http://id.loc.gov/authorities/demographicTerms/dg2015060003+http://id.loc.gov/authorities/names/no2002082837" , "Males+Kalinga Institute of Industrial Technology, Bhubaneswar" , 1
"http://id.loc.gov/authorities/demographicTerms/dg2015060003+http://id.loc.gov/authorities/demographicTerms/dg2015060133" , "Males+Illustrators" , 1
"$local" , "(lcgdt) Males" , 2
"$local" , "female+pol" , 1
"$local+http://id.loc.gov/authorities/subjects/sh85047734" , "eng+Females" , 5
"$local" , "male+spa" , 9
"http://id.loc.gov/authorities/demographicTerms/dg2015060003+http://id.loc.gov/authorities/subjects/sh85029386+http://id.loc.gov/authorities/subjects/sh85055980+http://id.loc.gov/authorities/subjects/sh85122826" , "Males+Composers+Gospel musicians+Singers" , 1
"$local" , "(homoit) Genderqueer people" , 3
"http://id.loc.gov/authorities/demographicTerms/dg2015060004+http://id.loc.gov/authorities/subjects/sh2002006249" , "Females+Women" , 4
"http://id.loc.gov/authorities/demographicTerms/dg2015060003+http://id.loc.gov/authorities/demographicTerms/dg2015060006" , "Males+Transgender people" , 13
"$local" , "(lcdgt) Femlaes" , 9
"http://id.loc.gov/authorities/demographicTerms/dg2015060003+http://id.loc.gov/authorities/subjects/sh85009793" , "Males+Authors" , 4
"$local" , "(dgtf) Females" , 2
"$local" , "femalea" , 1
"http://id.loc.gov/authorities/demographicTerms/dg2015060398" , "Gender minorities" , 14
"http://id.loc.gov/authorities/demographicTerms/dg2015060003+http://id.loc.gov/authorities/demographicTerms/dg2015060004+http://id.loc.gov/authorities/demographicTerms/dg2015060005" , "Males+Females+Transsexuals" , 2
"$local" , "Females 2 lcdgt" , 5
"$local" , "female+Author" , 1
"$local+$local+http://id.loc.gov/authorities/subjects/sh2007003708+http://id.loc.gov/authorities/subjects/sh85047734" , "Transgender woman+Trans woman+Transgender people+Females" , 1
"$local" , "femele" , 1
"http://id.loc.gov/authorities/subjects/sh85064419" , "Illustrators" , 9
"http://id.loc.gov/authorities/subjects/sh85075333" , "Law teachers" , 3
"http://id.loc.gov/authorities/demographicTerms/dg2015060006+http://id.loc.gov/authorities/demographicTerms/dg2015060358" , "Transgender people+Women" , 3
"http://id.loc.gov/authorities/subjects/sh85020430" , "Carpenters" , 1
"http://id.loc.gov/authorities/demographicTerms/dg2015060004+http://id.loc.gov/authorities/subjects/sh85087526" , "Females+Mothers" , 1
"http://id.loc.gov/authorities/demographicTerms/dg2015060004+http://id.loc.gov/authorities/demographicTerms/dg2015060304" , "Females+Lesbians" , 3
"$local" , "male." , 8
"$local" , "Females $2 lcdgt" , 13
"http://id.loc.gov/authorities/subjects/sh2002006249+http://id.loc.gov/authorities/subjects/sh85083510" , "Women+Men" , 1
"$local" , "lcdgt+Males" , 10
"$local" , "male+eng" , 6
"$local" , "(lcdgt) femals" , 2
"$local" , "male $2 lcdgt" , 13
"http://id.loc.gov/authorities/subjects/sh2017004882" , "Gender-nonconforming people" , 11
"$local" , "masculin" , 2
"$local" , "pol" , 9
"$local" , "intersex+female" , 1
"$local" , "por" , 7
"$local+http://id.loc.gov/authorities/demographicTerms/dg2015060003" , "dut+Males" , 2
"http://id.loc.gov/authorities/demographicTerms/dg2015060004+http://id.loc.gov/authorities/demographicTerms/dg2016060024" , "Females+University and college faculty members" , 6
"http://id.loc.gov/authorities/demographicTerms/dg2015060004+http://id.loc.gov/authorities/subjects/sh85046064" , "Females+Ex-farmers" , 1
"http://id.loc.gov/authorities/demographicTerms/dg2015060003+http://id.loc.gov/authorities/demographicTerms/dg2015060004+http://id.loc.gov/authorities/demographicTerms/dg2015060006" , "Males+Females+Transgender people" , 16
"$local" , "[gender]" , 3
"http://id.loc.gov/authorities/subjects/sh85101610" , "Physicians" , 5
"$local+http://id.loc.gov/authorities/demographicTerms/dg2015060004" , "jpn+Females" , 1
"$local+http://id.loc.gov/authorities/demographicTerms/dg2015060003" , "(iso5218) male+Males" , 8
"$local" , "(lcdgt) Felmales" , 1
"http://id.loc.gov/authorities/demographicTerms/dg2015060358+http://id.loc.gov/authorities/subjects/sh85009793" , "Women+Authors" , 2
"$local" , "rus" , 17
"http://id.loc.gov/authorities/demographicTerms/dg2015060004+http://id.loc.gov/authorities/subjects/sh85009793+http://id.loc.gov/authorities/subjects/sh85041161" , "Females+Authors+Educators" , 1
"$local" , "(lcsdgt) Females" , 1
"http://id.loc.gov/authorities/subjects/sh85047734+http://id.loc.gov/authorities/subjects/sh85080137" , "Females+Males" , 10
"$local" , "cze" , 3
"http://id.loc.gov/authorities/demographicTerms/dg2015060003+http://id.loc.gov/authorities/subjects/sh85083510" , "Males+Men" , 5
"http://id.loc.gov/authorities/subjects/sh85009793+http://id.loc.gov/authorities/subjects/sh85028378" , "Authors+College teachers" , 1
"$local" , "(lcsh) Wpmen" , 1
"$local" , "(lcdgt) males (plural)" , 2
"$local" , "(lcdgt) Fwmales" , 2
"$local" , "(lcsh) men" , 8
"http://id.loc.gov/authorities/demographicTerms/dg2015060006" , "Transgender people" , 41
"$local" , "author" , 2
"$local" , "ger" , 8
"$local" , "(iso5218) females" , 4
"$local" , "(lcsgt) Females" , 3
"$local" , "(lcdgt) Feales" , 7
"http://id.loc.gov/authorities/subjects/sh85009793" , "Authors" , 16
"http://id.loc.gov/authorities/subjects/sh2002006249+http://id.loc.gov/authorities/subjects/sh2006004207" , "Women+Graphic artists" , 1
"http://id.loc.gov/authorities/subjects/sh85096653" , "Painters" , 1
"$local" , "Assistant clinical professor+male" , 1
"$local" , "bul" , 2
"$local" , "females $2 lcdgt" , 18
"$local+http://id.loc.gov/authorities/demographicTerms/dg2015060359" , "male+Men" , 1
"http://id.loc.gov/authorities/demographicTerms/dg2015060004+http://id.loc.gov/authorities/subjects/sh85053741" , "Females+Genealogists" , 1
"$local" , "Females+female" , 1
"$local" , "male+rum" , 1
"$local" , "ara" , 9
"$local" , "Males $2 lcdgt" , 22
"http://id.loc.gov/authorities/demographicTerms/dg2015060003+http://id.loc.gov/authorities/subjects/sh00006290+http://id.loc.gov/authorities/subjects/sh85092863" , "Males+Journalists+Novelists" , 1
"$local" , "Males+lcsh" , 2
"$local" , "(lcdgt) Мales" , 2
"$local" , "ukr" , 2
"http://id.loc.gov/authorities/demographicTerms/dg2015060004+http://id.loc.gov/authorities/subjects/sh85009793+http://id.loc.gov/authorities/subjects/sh85028378" , "Females+Authors+College teachers" , 1
"$local" , "per+male" , 1
"$local" , "Poets;+Educators" , 1
"http://id.loc.gov/authorities/subjects/sh2002006249+http://id.loc.gov/authorities/subjects/sh85009793+http://id.loc.gov/authorities/subjects/sh85064419" , "Women+Authors+Illustrators" , 1
"http://id.loc.gov/authorities/demographicTerms/dg2015060003+http://id.loc.gov/authorities/subjects/sh85033447" , "Males+Countertenors" , 1
"$local" , "fre+female" , 2
"$local" , "(lcdgr) Females" , 1
"$local" , "(lcgt) females" , 1
"$local" , "spa+male" , 12
"$local" , "fmale" , 2
"$local" , "(lcdgt) men+male+(lcdgt) males" , 1
"$local" , "rus+aze" , 1
"http://id.loc.gov/authorities/demographicTerms/dg2015060003+http://id.loc.gov/authorities/subjects/sh85028378+http://id.loc.gov/authorities/subjects/sh85060705+http://id.loc.gov/authorities/subjects/sh85132964" , "Males+College teachers+High school principals+Teachers" , 1
"$local" , "(naf) Males" , 12
"$local+http://id.loc.gov/authorities/subjects/sh85080137" , "male+Males" , 11
"$local" , "(lcgfg) Males" , 1
"$local" , "(lcdgt) Authors" , 4
"$local" , "(lcdgt) Malesd" , 3
"http://id.loc.gov/authorities/subjects/sh85054036" , "Geologists" , 1
"$local" , "(lcsh) Fem" , 1
"http://id.loc.gov/authorities/subjects/sh85029522" , "Computer programmers" , 1
"$local" , "Illustrators" , 1
"$local" , "(lcdg) Males" , 4
"http://id.loc.gov/authorities/demographicTerms/dg2015060485" , "Judges" , 1
"$local" , "(lcdgt) Males b" , 1
"$local+http://id.loc.gov/authorities/subjects/sh2006002132+http://id.loc.gov/authorities/subjects/sh2007003708" , "female+Male-to-female transsexuals+Transgender people" , 1
"$local" , "lat+spa" , 1
"$local" , "(lcdft) Fmales" , 1
"http://id.loc.gov/authorities/subjects/sh00006383" , "Lawyers" , 3
"$local" , "(l csh) Males" , 6
"$local" , "(lcdgt) Fales" , 2
"http://id.loc.gov/authorities/demographicTerms/dg2015060003+http://id.loc.gov/authorities/subjects/sh85053741" , "Males+Genealogists" , 1
"http://id.loc.gov/authorities/demographicTerms/dg2015060667" , "Italians" , 1
"$local" , "female+ita" , 1
"$local" , "(lcsh) Wome" , 2
"$local" , "ind" , 8
"$local+http://id.loc.gov/authorities/demographicTerms/dg2015060004" , "(iso5218) female+Females" , 4
"$local" , "(lcdgt) Music" , 3
"$local" , "eng+ger" , 1
"$local+http://id.loc.gov/authorities/subjects/sh85008276" , "male+Artists" , 3
"$local" , "Males+lcdgt" , 7
"$local+http://id.loc.gov/authorities/subjects/sh85080137" , "#+Males" , 3
"$local" , "Flugelhorn player" , 1
"$local" , "Females 2lcdgt" , 1
"http://id.loc.gov/authorities/subjects/sh85088041" , "Motion picture editors" , 1
"$local" , "Females $2 lcdgt+Males $2 lcdgt" , 1
"$local" , "(lcdgt) Mlaes" , 3
"$local" , "male female" , 3
"$local" , "srp" , 3
"http://id.loc.gov/authorities/subjects/sh85118942+http://id.loc.gov/authorities/subjects/sh85133601" , "Screenwriters+Television producers and directors" , 2
"$local" , "(;cdgt) Females" , 1
"$local" , "femenino+female" , 1
"$local" , "(homoit) Intersex people" , 1
"http://id.loc.gov/authorities/demographicTerms/dg2015060003+http://id.loc.gov/authorities/subjects/sh85101610" , "Males+Physicians" , 2
"$local+http://id.loc.gov/authorities/demographicTerms/dg2015060003" , "spa+Males" , 4
"http://id.loc.gov/authorities/demographicTerms/dg2015060004+http://id.loc.gov/authorities/subjects/sh85075119" , "Females+Law" , 1
"http://id.loc.gov/authorities/subjects/sh85029386+http://id.loc.gov/authorities/subjects/sh85088941+http://id.loc.gov/authorities/subjects/sh96008642" , "Composers+Music teachers+Carillonneurs" , 1
"$local" , "(lcdgt) Fmales" , 4
"$local+http://id.loc.gov/authorities/demographicTerms/dg2015060003" , "asm+Males" , 2
"http://id.loc.gov/authorities/demographicTerms/dg2015060003+http://id.loc.gov/authorities/demographicTerms/dg2015060362" , "Males+African Americans" , 2
"$local" , "male+fre" , 1
"$local" , "(homoit) Queer people" , 1
"$local" , "heb" , 2
"$local+http://id.loc.gov/authorities/subjects/sh85047734" , "chi+Females" , 1
"$local" , "mele" , 2
"$local" , "chi+eng" , 1
"$local" , "7" , 1
"$local" , "féminin" , 2
"$local+$local+http://id.loc.gov/authorities/demographicTerms/dg2015060004" , "spa+eng+Females" , 1
"$local" , "femle" , 3
"http://id.loc.gov/authorities/subjects/sh85080137+http://id.loc.gov/authorities/subjects/sh87003462" , "Males+Human rights workers" , 1
"http://id.loc.gov/authorities/demographicTerms/dg2015060003+http://id.loc.gov/authorities/subjects/sh85060718" , "Males+High school teachers" , 1
"$local+http://id.loc.gov/authorities/demographicTerms/dg2015060003" , "kha+Males" , 1
"$local" , "transsexual woman" , 2
"$local" , "female $2 lcdgt" , 6
"$local" , "(lcdgt) Femalses" , 1
"$local" , "(lcsh) women" , 1
"$local" , "(lcsh) Feales" , 5
"$local" , "(lcsh) Msales" , 1
"$local+http://id.loc.gov/authorities/demographicTerms/dg2015060004" , "eng+Females" , 9
"$local" , "Civil engineering" , 1
"$local" , "(lcdgt) Ma;es" , 1
"$local" , "(lcgt) Males" , 1
"$local+http://id.loc.gov/authorities/subjects/sh00006046" , "male+Historiography" , 1
"$local" , "(lcsh) Femalesx" , 1
"$local+http://id.loc.gov/authorities/demographicTerms/dg2015060003" , "rus+Males" , 4
"$local+http://id.loc.gov/authorities/subjects/sh85047734" , "female+Females" , 7
"$local" , "Females d2 lcdgt" , 6
"$local" , "(csh) Males" , 1
"http://id.loc.gov/authorities/subjects/sh85136767" , "Traffic engineers" , 1
"$local" , "male+tam" , 1
"$local" , "Males 2 lcsh" , 2
"$local" , "ger+spa" , 1
"$local" , "(lcdgt) Females other" , 3
"http://id.loc.gov/authorities/demographicTerms/dg2015060004+http://id.loc.gov/authorities/names/n84091978" , "Females+II Università degli studi di Roma" , 1
"$local" , "eng+swe" , 1
"$local" , "(lc sh) Males" , 4
"http://id.loc.gov/authorities/demographicTerms/dg2015060359+http://id.loc.gov/authorities/subjects/sh85029386+http://id.loc.gov/authorities/subjects/sh85089027" , "Men+Composers+Musicians" , 1
"$local+http://id.loc.gov/authorities/demographicTerms/dg2015060004" , "Males $2 lcdgt+Females" , 1
"$local" , "Flute player+Recorder player" , 1
"http://id.loc.gov/authorities/demographicTerms/dg2015060003+http://id.loc.gov/authorities/demographicTerms/dg2015060004+http://id.loc.gov/authorities/demographicTerms/dg2015060006+http://id.loc.gov/authorities/subjects/sh2018002395" , "Males+Females+Transgender people+Transgender men" , 1
"$local" , "Bible -- Study and teaching+male" , 1
"http://id.loc.gov/authorities/demographicTerms/dg2015060003+http://id.loc.gov/authorities/subjects/sh85038488" , "Males+Dissenters" , 1
"$local" , "eng+spa" , 3
"$local+http://id.loc.gov/authorities/demographicTerms/dg2015060003" , "Transgender woman+Males" , 1
"http://id.loc.gov/authorities/subjects/sh85000755" , "Actresses" , 1
"$local" , "dut" , 2
"$local" , "eng+pol" , 1
"http://id.loc.gov/authorities/demographicTerms/dg2015060003+http://id.loc.gov/authorities/subjects/sh2002011161" , "Males+Female-to-male transsexuals" , 1
"http://id.loc.gov/authorities/demographicTerms/dg2015060003+http://id.loc.gov/authorities/subjects/sh85000744" , "Males+Actors" , 2
"$local" , "Femenino" , 1
"$local" , "(lcdgt) Maled" , 1
"http://id.loc.gov/authorities/demographicTerms/dg2015060003+http://id.loc.gov/authorities/demographicTerms/dg2015060004+http://id.loc.gov/authorities/demographicTerms/dg2015060006+http://id.loc.gov/authorities/subjects/sh2018002623" , "Males+Females+Transgender people+Transgender women" , 2
"$local" , "Sound designer" , 1
"$local" , "Males." , 11
"$local" , "Males $2 lcsh" , 1
"$local" , "hun" , 1
"$local" , "Transpinay" , 1
"http://id.loc.gov/authorities/demographicTerms/dg2015060004+http://id.loc.gov/authorities/subjects/sh85000744" , "Females+Actors" , 1
"$local" , "feamle" , 3
"$local+http://id.loc.gov/authorities/subjects/sh85026013+http://id.loc.gov/authorities/subjects/sh85088067+http://id.loc.gov/authorities/subjects/sh85118942" , "female+Cinematographers+Motion picture producers and directors+Screenwriters" , 1
"$local" , "(lcgft) Men" , 5
"$local" , "Females$2lcdgt" , 1
"$local" , "Regis University+University of Wyoming+male" , 1
"$local+http://id.loc.gov/authorities/demographicTerms/dg2015060003" , "(lcdgt) men+Males" , 1
"$local" , "male+hrv" , 2
"$local" , "Environmental scientist" , 1
"$local" , "baq+spa" , 1
"$local" , "(lcdgt) Fenales" , 4
"http://id.loc.gov/authorities/subjects/sh85061091" , "Historians" , 3
"http://id.loc.gov/authorities/demographicTerms/dg2015060003+http://id.loc.gov/authorities/subjects/sh00006383+http://id.loc.gov/authorities/subjects/sh85118236" , "Males+Lawyers+Scholars" , 1
"$local+http://id.loc.gov/authorities/subjects/sh85080137" , "Control room alarm systems+Males" , 1
"$local" , "(lcshj) Males" , 2
"$local+http://id.loc.gov/authorities/demographicTerms/dg2015060003" , "ben+Males" , 5
"$local+http://id.loc.gov/authorities/demographicTerms/dg2015060004" , "fre+Females" , 1
"$local" , "(lcdgt) Mles" , 2
"http://id.loc.gov/authorities/demographicTerms/dg2015060358+http://id.loc.gov/authorities/subjects/sh85101720" , "Women+Pianists" , 1
"$local" , "male+tha" , 1
"$local+http://id.loc.gov/authorities/demographicTerms/dg2015060003" , "Male+Males" , 2
"$local+http://id.loc.gov/authorities/subjects/sh85008286" , "female+Artists, Black" , 1
"http://id.loc.gov/authorities/demographicTerms/dg2015060005" , "Transsexuals" , 5
"$local" , "mae" , 5
"http://id.loc.gov/authorities/subjects/sh85018328" , "Businessmen" , 1
"$local+http://id.loc.gov/authorities/subjects/sh85080137" , "eng+Males" , 3
"http://id.loc.gov/authorities/demographicTerms/dg2015060004+http://id.loc.gov/authorities/demographicTerms/dg2015060154" , "Females+Holocaust survivors" , 1
"$local" , "Males 2lcsh" , 1
"http://id.loc.gov/authorities/demographicTerms/dg2015060003+http://id.loc.gov/authorities/subjects/sh85009793+http://id.loc.gov/authorities/subjects/sh85118942" , "Males+Authors+Screenwriters" , 1
"$local+http://id.loc.gov/authorities/subjects/sh85047734" , "fre+Females" , 2
"http://id.loc.gov/authorities/demographicTerms/dg2015060003+http://id.loc.gov/authorities/subjects/sh85080137" , "Males" , 6
"$local" , "(naf) females" , 1
"$local" , "(lcsh) Malers" , 1
"$local+http://id.loc.gov/authorities/subjects/sh85028378+http://id.loc.gov/authorities/subjects/sh85036081" , "male+College teachers+Deans (Education)" , 1
"$local" , "not kown" , 1
"$local" , "gender nonconforming" , 2
"$local" , "(lcdgt) Femeles" , 1
"$local" , "mar" , 1
"$local" , "(aat) Researchers" , 1
"$local+http://id.loc.gov/authorities/subjects/sh85006565+http://id.loc.gov/authorities/subjects/sh85028378" , "male+Architects+College teachers" , 1
"$local" , "(ldgt) Males" , 6
"http://id.loc.gov/authorities/subjects/sh85026013" , "Cinematographers" , 2
"$local" , "(lcdgt) Maes" , 3
"$local" , "ara+eng" , 1
"http://id.loc.gov/authorities/subjects/sh85061798" , "Gay men" , 1
"$local" , "(ledgt) Males" , 1
"$local" , "nor+eng" , 1
"$local" , "(lcsh) Females," , 1
"$local" , "(lcs) female" , 1
"http://id.loc.gov/authorities/demographicTerms/dg2015060004+http://id.loc.gov/authorities/subjects/sh85047734" , "Females" , 2
"$local" , "female  lecturer in childhood studies and sociology at the University of Essex." , 1
"$local" , "femalẽ" , 1
"$local" , "malay" , 1
"$local" , "transgender female" , 1
"$local" , "mala" , 1
"$local" , "Females #2 lcsh" , 1
"http://id.loc.gov/authorities/demographicTerms/dg2015060004+http://id.loc.gov/authorities/subjects/sh2015001938" , "Females+Composition teachers (Music)" , 1
"$local" , "(lcdgt) Malew" , 2
"$local" , "(lcdgt) Women j" , 1
"$local" , "(lcdft) Females" , 2
"$local" , "male+dan" , 1
"http://id.loc.gov/authorities/demographicTerms/dg2015060361" , "Boys" , 2
"$local+http://id.loc.gov/authorities/subjects/sh2003002211" , "female+Piano teachers" , 1
"$local+http://id.loc.gov/authorities/demographicTerms/dg2015060391+http://id.loc.gov/authorities/demographicTerms/dg2015060392" , "Females+Composers+Lyricists" , 1
"$local" , "(lcdgt) <ales" , 1
"$local" , "females  $2 lcdgt" , 1
"$local+http://id.loc.gov/authorities/subjects/sh85017569" , "male+Buddhist monks" , 1
"http://id.loc.gov/authorities/subjects/sh85088067" , "Motion picture producers and directors" , 1
"$local+http://id.loc.gov/authorities/subjects/sh85026338+http://id.loc.gov/authorities/subjects/sh85103733" , "male+Civil engineers+Poets" , 1
"$local" , "(naf) Females" , 8
"$local+http://id.loc.gov/authorities/subjects/sh85028378+http://id.loc.gov/authorities/subjects/sh85106741" , "male+College teachers+Printers" , 1
"http://id.loc.gov/authorities/subjects/sh2007003708+http://id.loc.gov/authorities/subjects/sh2018002395+http://id.loc.gov/authorities/subjects/sh85080137" , "Transgender people+Transgender men+Males" , 1
"$local" , "(lcdgt) Femailes" , 1
"http://id.loc.gov/authorities/subjects/sh85008276" , "Artists" , 1
"$local" , "(ldcgt) Males" , 2
"$local+http://id.loc.gov/authorities/subjects/sh85101610" , "male+Physicians" , 2
"$local" , "males+lcdgt" , 1
"$local" , "fermale" , 1
"http://id.loc.gov/authorities/names/n81007353" , "Aude (France : Department)" , 1
"$local+http://id.loc.gov/authorities/demographicTerms/dg2015060006" , "(homoit) Genderqueer people+Transgender people" , 1
"$local" , "male-to-female transsexuals+female+male" , 1
"http://id.loc.gov/authorities/demographicTerms/dg2015060004+http://id.loc.gov/authorities/subjects/sh85009793+http://id.loc.gov/authorities/subjects/sh85103733" , "Females+Authors+Poets" , 1
"$local" , "Female-to-male transsexual" , 1
"$local" , "(lch) Males" , 1
"$local" , "femal" , 13
"$local" , "(lcgdt) Females" , 6
"$local" , "Females 2 lcsh" , 3
"$local" , "(lcgft) males" , 2
"$local+http://id.loc.gov/authorities/demographicTerms/dg2015060003+http://id.loc.gov/authorities/subjects/sh85101653+http://id.loc.gov/authorities/subjects/sh85129017" , "(lcsh) Matematics+Males+Physics+String models" , 1
"$local" , "fiction" , 1
"$local" , "(itoamc) Males" , 1
"http://id.loc.gov/authorities/demographicTerms/dg2015060003+http://id.loc.gov/authorities/demographicTerms/dg2015060004+http://id.loc.gov/authorities/demographicTerms/dg2015060006+http://id.loc.gov/authorities/demographicTerms/dg2015060304" , "Males+Females+Transgender people+Lesbians" , 1
"$local" , "Males 2 lcdgt" , 9
"http://id.loc.gov/authorities/demographicTerms/dg2015060003+http://id.loc.gov/authorities/demographicTerms/dg2015060142" , "Males+Blind" , 1
"$local" , "(lcdgt) Feamles" , 5
"$local" , "(lcdgt) Mals" , 3
"$local+http://id.loc.gov/authorities/demographicTerms/dg2015060003+http://id.loc.gov/authorities/subjects/sh85028378" , "(lcsh) authors+Males+College teachers" , 1
"$local" , "Writer" , 1
"$local" , "mela" , 1
"$local" , "(edtfg) Males" , 1
"$local" , "male+ind" , 2
"$local+http://id.loc.gov/authorities/subjects/sh85088865" , "female+Popular music" , 1
"$local" , "Professor" , 4
"http://id.loc.gov/authorities/demographicTerms/dg2015060004+http://id.loc.gov/authorities/subjects/sh00006290+http://id.loc.gov/authorities/subjects/sh85009793" , "Females+Journalists+Authors" , 2
"$local" , "(lcdgt) Malea" , 1
"http://id.loc.gov/authorities/subjects/sh00005804+http://id.loc.gov/authorities/subjects/sh85101610" , "Surgeons+Physicians" , 1
"http://id.loc.gov/authorities/demographicTerms/dg2015060359+http://id.loc.gov/authorities/subjects/sh85088084" , "Men+Motion pictures" , 1
"http://id.loc.gov/authorities/demographicTerms/dg2015060003+http://id.loc.gov/authorities/subjects/sh85102825+http://id.loc.gov/authorities/subjects/sh85123313" , "Males+Plantation owners+Slaveholders" , 1
"$local+http://id.loc.gov/authorities/demographicTerms/dg2015060003+http://id.loc.gov/authorities/demographicTerms/dg2015060004+http://id.loc.gov/authorities/demographicTerms/dg2015060006" , "Transgender man+Males+Females+Transgender people" , 2
"$local+http://id.loc.gov/authorities/demographicTerms/dg2015060003" , "hrv+Males" , 2
"$local" , "Professor+male" , 1
"$local" , "Photographer+female" , 1
"$local" , "(lcdgt) Females/males" , 1
"http://id.loc.gov/authorities/demographicTerms/dg2015060003+http://id.loc.gov/authorities/demographicTerms/dg2015060137" , "Males+People with developmental disabilities" , 1
"http://id.loc.gov/authorities/subjects/sh85006928+http://id.loc.gov/authorities/subjects/sh85061091" , "Archivists+Historians" , 1
"$local" , "female." , 9
"http://id.loc.gov/authorities/subjects/sh00006290+http://id.loc.gov/authorities/subjects/sh85066805+http://id.loc.gov/authorities/subjects/sh85089027+http://id.loc.gov/authorities/subjects/sh85103733" , "Journalists+Insurance agents+Musicians+Poets" , 1
"$local" , "males $2 lcgdt" , 1
"$local" , "(lcdgt) Fremales" , 1
"$local+http://id.loc.gov/authorities/demographicTerms/dg2015060004" , "spa+Females" , 2
"$local" , "(lcsh) Famels" , 1
"$local" , "transgender+female" , 1
"$local" , "(lcdgt) Males," , 9
"http://id.loc.gov/authorities/demographicTerms/dg2015060003+http://id.loc.gov/authorities/subjects/sh85028378" , "Males+College teachers" , 1
"http://id.loc.gov/authorities/demographicTerms/dg2015060003+http://id.loc.gov/authorities/subjects/sh85110190" , "Males+Rabbis" , 1
"$local+$local+http://id.loc.gov/authorities/demographicTerms/dg2015060003" , "lat+ita+Males" , 1
"$local" , "(lcdgt) Males/Females" , 6
"$local" , "arm+male" , 2
"$local" , "(lcsh) Ma;es" , 1
"http://id.loc.gov/authorities/demographicTerms/dg2015060004+http://id.loc.gov/authorities/demographicTerms/dg2015060006+http://id.loc.gov/authorities/subjects/sh2018002623" , "Females+Transgender people+Transgender women" , 1
"$local+http://id.loc.gov/authorities/demographicTerms/dg2015060003+http://id.loc.gov/authorities/demographicTerms/dg2015060004+http://id.loc.gov/authorities/demographicTerms/dg2015060006" , "Transgender woman+Males+Females+Transgender people" , 1
"http://id.loc.gov/authorities/demographicTerms/dg2016060050" , "Motion picture directors" , 2
"http://id.loc.gov/authorities/demographicTerms/dg2015060004+http://id.loc.gov/authorities/demographicTerms/dg2015060521" , "Females+Journalists" , 1
"http://id.loc.gov/authorities/subjects/sh85070897" , "Judges" , 3
"$local+http://id.loc.gov/authorities/subjects/sh85009793" , "male+Authors" , 1
"$local+$local+http://id.loc.gov/authorities/demographicTerms/dg2015060003" , "male+eng+Males" , 1
"http://id.loc.gov/authorities/demographicTerms/dg2015060133+http://id.loc.gov/authorities/demographicTerms/dg2015060359" , "Illustrators+Men" , 1
"http://id.loc.gov/authorities/subjects/sh85028378+http://id.loc.gov/authorities/subjects/sh85044172" , "College teachers+Environmental engineers" , 1
"http://id.loc.gov/authorities/demographicTerms/dg2015060004+http://id.loc.gov/authorities/demographicTerms/dg2015060358" , "Females+Women" , 2
"$local" , "(lcdgt) Males;" , 2
"http://id.loc.gov/authorities/subjects/sh85000744" , "Actors" , 2
"http://id.loc.gov/authorities/demographicTerms/dg2015060004+http://id.loc.gov/authorities/subjects/sh85110448+http://id.loc.gov/authorities/subjects/sh85133500" , "Females+Radio broadcasting+Television broadcasting" , 1
"http://id.loc.gov/authorities/subjects/sh85133528" , "Television comedy writers" , 1
"http://id.loc.gov/authorities/subjects/sh85092863" , "Novelists" , 1
"$local" , "eng+por" , 1
"$local" , "(aat) Hermaphrodites (people)" , 1
"http://id.loc.gov/authorities/demographicTerms/dg2015060004+http://id.loc.gov/authorities/subjects/sh85028844" , "Females+Comedians" , 1
"$local" , "University of Turku" , 1
"http://id.loc.gov/authorities/demographicTerms/dg2015060004+http://id.loc.gov/authorities/subjects/sh85009793+http://id.loc.gov/authorities/subjects/sh85064419" , "Females+Authors+Illustrators" , 1
"$local" , "Internet, Jan. 11, 2016" , 1
"$local+http://id.loc.gov/authorities/subjects/sh00006383" , "female+Lawyers" , 1
"$local" , "(lcsh) Maless" , 3
"http://id.loc.gov/authorities/subjects/sh00006942+http://id.loc.gov/authorities/subjects/sh85147558" , "Photographers+Businesswomen" , 1
"$local" , "(itoamc) Females" , 2
"http://id.loc.gov/authorities/demographicTerms/dg2015060391+http://id.loc.gov/authorities/demographicTerms/dg2016060020" , "Composers+Percussionists" , 1
"$local" , "Females $2 lcsh" , 1
"$local" , "(lcdgt) Mlales" , 1
"http://id.loc.gov/authorities/demographicTerms/dg2015060003+http://id.loc.gov/authorities/subjects/sh85028268+http://id.loc.gov/authorities/subjects/sh85054036+http://id.loc.gov/authorities/subjects/sh92000452" , "Males+College administrators+Geologists+Geology teachers" , 1
"$local+http://id.loc.gov/authorities/demographicTerms/dg2015060003" , "(lcdgt) Authors+Males" , 1
"$local" , "Politician+male" , 1
"$local" , "male+bul" , 1
"$local" , "(lcdgt) Maless" , 1
"$local" , "eng+male+ger" , 1
"http://id.loc.gov/authorities/subjects/sh85136974" , "Translators" , 2
"$local" , "fenale" , 2
"$local" , "eng+tha+male" , 1
"http://id.loc.gov/authorities/subjects/sh85101651" , "Physicists" , 3
"$local" , "Film director+male" , 1
"$local" , "(naf) Sarajevo, Bosnia and Herzegovina" , 1
"http://id.loc.gov/authorities/subjects/sh85075333+http://id.loc.gov/authorities/subjects/sh85080137" , "Law teachers+Males" , 2
"$local+http://id.loc.gov/authorities/subjects/sh2002006249" , "male+Women" , 1
"$local" , "lcdgt+males" , 1
"http://id.loc.gov/authorities/subjects/sh85089027" , "Musicians" , 1
"http://id.loc.gov/authorities/demographicTerms/dg2015060004+http://id.loc.gov/authorities/subjects/sh85009793+http://id.loc.gov/authorities/subjects/sh85014202" , "Females+Authors+Biologists" , 1
"$local" , "eng+jpa" , 1
"$local" , "(lcdgt) les" , 1
"$local" , "vie+eng" , 1
"$local+$local+http://id.loc.gov/authorities/subjects/sh2007003860" , "male+female+Intersex people" , 1
"$local" , "wel" , 3
"http://id.loc.gov/authorities/demographicTerms/dg2015060358+http://id.loc.gov/authorities/subjects/sh99011240" , "Women+Arrangers (Musicians)" , 1
"http://id.loc.gov/authorities/demographicTerms/dg2015060003+http://id.loc.gov/authorities/subjects/sh85031713+http://id.loc.gov/authorities/subjects/sh85079021+http://id.loc.gov/authorities/subjects/sh85087296" , "Males+Mormon converts+Lutherans+Mormons" , 1
"$local" , "femalie" , 1
"$local" , "(lcdgt) Malrs" , 1
"$local+http://id.loc.gov/authorities/demographicTerms/dg2015060003" , "(lcdgt) College teachers+Males" , 3
"$local" , "(lcdgt) MAles" , 3
"$local" , "tam" , 2
"http://id.loc.gov/authorities/subjects/sh85028378+http://id.loc.gov/authorities/subjects/sh92002102" , "College teachers+Psychology teachers" , 1
"$local+$local+http://id.loc.gov/authorities/demographicTerms/dg2015060004+http://id.loc.gov/authorities/demographicTerms/dg2015060006" , "Transgender woman+(homoit) Transgender people+Females+Transgender people" , 1
"$local+$local+http://id.loc.gov/authorities/subjects/sh2006002132+http://id.loc.gov/authorities/subjects/sh2007003860" , "male+female+Male-to-female transsexuals+Intersex people" , 1
"$local" , "bur" , 2
"$local" , "not" , 1
"http://id.loc.gov/authorities/demographicTerms/dg2015060003+http://id.loc.gov/authorities/demographicTerms/dg2015060391+http://id.loc.gov/authorities/demographicTerms/dg2016060024+http://id.loc.gov/authorities/subjects/sh90004965" , "Males+Composers+University and college faculty members+Choral conductors" , 1
"$local" , "(lcdgf) Females" , 1
"$local" , "(lcgbt) Females" , 2
"$local" , "Malesd2lcdgt" , 2
"$local" , "male+eng+dut" , 1
"$local" , "spa+lat" , 1
"$local+http://id.loc.gov/authorities/demographicTerms/dg2015060003+http://id.loc.gov/authorities/demographicTerms/dg2015060006+http://id.loc.gov/authorities/subjects/sh2018002395" , "(homoit) Genderqueer people+Males+Transgender people+Transgender men" , 1
"$local+http://id.loc.gov/authorities/demographicTerms/dg2015060003" , "ita+Males" , 3
"$local" , "feme" , 1
"http://id.loc.gov/authorities/demographicTerms/dg2015060003+http://id.loc.gov/authorities/subjects/sh85134647" , "Males+Theologians" , 1
"http://id.loc.gov/authorities/demographicTerms/dg2015060003+http://id.loc.gov/authorities/demographicTerms/dg2015060404" , "Males+Scholars" , 1
"http://id.loc.gov/authorities/subjects/sh85002325" , "Agricultural extension workers" , 1
"http://id.loc.gov/authorities/subjects/sh85006565" , "Architects" , 2
"$local+http://id.loc.gov/authorities/demographicTerms/dg2015060004" , "(lcdgt) women+Females" , 1
"http://id.loc.gov/authorities/demographicTerms/dg2015060003+http://id.loc.gov/authorities/subjects/sh85046291+http://id.loc.gov/authorities/subjects/sh85084157+http://id.loc.gov/authorities/subjects/sh88001901" , "Males+Executives+Metallurgists+Materials scientists" , 1
"http://id.loc.gov/authorities/demographicTerms/dg2015060003+http://id.loc.gov/authorities/subjects/sh85138509" , "Males+Tulalip Indians" , 1
"$local" , "Males d2 kcdgt" , 1
"$local" , "(lcdgt) FemaleS" , 2
"$local" , "male[gender]" , 1
"http://id.loc.gov/authorities/subjects/sh85083510+http://id.loc.gov/authorities/subjects/sh94009444" , "Men+Gang members" , 1
"http://id.loc.gov/authorities/subjects/sh85042503+http://id.loc.gov/authorities/subjects/sh85047734" , "Elementary school teachers+Females" , 1
"$local+http://id.loc.gov/authorities/subjects/sh85028378" , "male+College teachers" , 6
"$local" , "(lcdgt) Males p" , 3
"$local" , "urd" , 1
"$local" , "Transsexual woman" , 1
"$local" , "may" , 9
"$local" , "(lcdgt) Asexual people" , 1
"$local" , "fre+ger" , 1
"$local" , "(lcbdgt) Males" , 1
"$local+$local+http://id.loc.gov/authorities/subjects/sh85080137" , "eng+ger+Males" , 1
"$local" , "(lcmpt) Males" , 1
"$local" , "eng+chi" , 2
"$local" , "(ldcgt) Females" , 1
"$local" , "(lcdgt) Feamales" , 1
"$local" , "(l cdgt) Females" , 1
"http://id.loc.gov/authorities/demographicTerms/dg2015060003+http://id.loc.gov/authorities/demographicTerms/dg2015060306" , "Males+Mexican Americans" , 1
"http://id.loc.gov/authorities/demographicTerms/dg2015060391" , "Composers" , 1
"$local" , "(lcdgt) University and college faculty member" , 1
"http://id.loc.gov/authorities/demographicTerms/dg2015060133" , "Illustrators" , 2
"$local+http://id.loc.gov/authorities/demographicTerms/dg2015060003" , "gre+Males" , 1
"$local+http://id.loc.gov/authorities/demographicTerms/dg2015060003" , "Philologist+Males" , 1
"$local" , "fame" , 1
"$local+$local+http://id.loc.gov/authorities/demographicTerms/dg2015060003" , "ger+fre+Males" , 2
"$local" , "female+eng" , 1
"$local" , "Ita+female" , 1
"http://id.loc.gov/authorities/demographicTerms/dg2015060004+http://id.loc.gov/authorities/subjects/sh85023598" , "Females+Children's literature" , 1
"$local" , "Females+lcsh" , 1
"$local+http://id.loc.gov/authorities/demographicTerms/dg2015060304" , "Butch lesbian+Lesbians" , 1
"http://id.loc.gov/authorities/demographicTerms/dg2015060303" , "Gay men" , 1
"$local" , "mon" , 1
"http://id.loc.gov/authorities/subjects/sh85057846" , "Guitarists" , 1
"http://id.loc.gov/authorities/subjects/sh85077231+http://id.loc.gov/authorities/subjects/sh85123382" , "Linguists+Slavists" , 1
"$local" , "(lcgft) Women" , 2
"http://id.loc.gov/authorities/subjects/sh85028378+http://id.loc.gov/authorities/subjects/sh85054036" , "College teachers+Geologists" , 1
"$local" , "(lcdgt) Femalese" , 1
"$local" , "amle" , 2
"http://id.loc.gov/authorities/demographicTerms/dg2015060004+http://id.loc.gov/authorities/demographicTerms/dg2016060149" , "Females+Dominican Americans" , 1
"$local" , "(lcdgft) Males" , 1
"http://id.loc.gov/authorities/demographicTerms/dg2015060004+http://id.loc.gov/authorities/subjects/sh92003411" , "Females+Women translators" , 1
"$local" , "Painter+male" , 1
"http://id.loc.gov/authorities/demographicTerms/dg2015060358+http://id.loc.gov/authorities/demographicTerms/dg2015060534" , "Women+Chinese Americans" , 1
"$local" , "mlae" , 2
"http://id.loc.gov/authorities/demographicTerms/dg2015060004+http://id.loc.gov/authorities/subjects/sh85037288+http://id.loc.gov/authorities/subjects/sh85104183" , "Females+Detectives+Police" , 1
"$local" , "(lcdgt) Famales" , 4
"$local+http://id.loc.gov/authorities/subjects/sh85053977" , "male+Geographers" , 1
"$local+http://id.loc.gov/authorities/demographicTerms/dg2015060004" , "rus+Females" , 3
"$local" , "heb+eng" , 1
"$local" , "eng+afr+male" , 1
"http://id.loc.gov/authorities/subjects/sh85043220" , "Engineering geologists" , 1
"$local" , "(homoit) Transgender people" , 1
"$local+http://id.loc.gov/authorities/subjects/sh85086017" , "male+Missionaries" , 1
"$local" , "nale" , 1
"$local+http://id.loc.gov/authorities/demographicTerms/dg2015060003" , "(lcdgt) Screenwriters+Males" , 1
"$local" , "(lcdtg) Males" , 1
"$local" , "(lcsg) Females" , 2
"$local" , "rus+female" , 1
"$local" , "lcdgt" , 3
"$local" , "male+ita" , 3
"$local" , "not known+female" , 1
"$local+http://id.loc.gov/authorities/demographicTerms/dg2015060004" , "mni+Females" , 1
"http://id.loc.gov/authorities/demographicTerms/dg2015060006+http://id.loc.gov/authorities/subjects/sh2018002395" , "Transgender people+Transgender men" , 2
"$local+http://id.loc.gov/authorities/subjects/sh85061091" , "male+Historians" , 1
"$local+http://id.loc.gov/authorities/demographicTerms/dg2015060003" , "tha+Males" , 1
"$local" , "lcsh+Males" , 2
"$local" , "female+male+transgender woman" , 1
"http://id.loc.gov/authorities/demographicTerms/dg2015060004+http://id.loc.gov/authorities/demographicTerms/dg2015060142" , "Females+Blind" , 1
"$local" , "(cdgt) Males" , 2
"$local" , "malr" , 5
"$local+http://id.loc.gov/authorities/demographicTerms/dg2015060003" , "(lcdgt) eng+Males" , 1
"$local+$local+http://id.loc.gov/authorities/demographicTerms/dg2015060003+http://id.loc.gov/authorities/demographicTerms/dg2015060006" , "female+male+Males+Transgender people" , 1
"$local" , "(lchs) Males" , 1
"$local" , "male+rus+arm" , 1
"$local" , "(lcsy) Males" , 1
"http://id.loc.gov/authorities/subjects/sh85100836" , "Philosophers" , 1
"$local" , "male+pus" , 1
"http://id.loc.gov/authorities/demographicTerms/dg2015060004+http://id.loc.gov/authorities/demographicTerms/dg2015060310" , "Females+Hispanic Americans" , 1
"http://id.loc.gov/authorities/subjects/sh85030810" , "Conductors (Music)" , 1
"$local" , "Nepal" , 2
"$local" , "malle" , 1
"$local+http://id.loc.gov/authorities/subjects/sh85028378+http://id.loc.gov/authorities/subjects/sh85036081+http://id.loc.gov/authorities/subjects/sh85040878" , "male+College teachers+Deans (Education)+Economists" , 1
"$local+http://id.loc.gov/authorities/demographicTerms/dg2015060003" , "srp+Males" , 1
"$local+http://id.loc.gov/authorities/demographicTerms/dg2015060003" , "pol+Males" , 1
"$local" , "(lcdgt) Meh" , 1
"http://id.loc.gov/authorities/subjects/sh85028378+http://id.loc.gov/authorities/subjects/sh85080137" , "College teachers+Males" , 3
"http://id.loc.gov/authorities/demographicTerms/dg2015060003+http://id.loc.gov/authorities/subjects/sh85020514" , "Males+Cartographers" , 1
"$local" , "(lcdgt) Females," , 3
"$local" , "editors" , 1
"$local" , "Unknown" , 1
"$local" , "[gender]+femele" , 1
"$local" , "(lcdgt) Females  s" , 1
"$local" , "Sichuan da xue" , 1
"http://id.loc.gov/authorities/subjects/sh85110190" , "Rabbis" , 1
"$local" , "(lcdg) Females" , 4
"http://id.loc.gov/authorities/subjects/sh85016211" , "Boys" , 1
"$local" , "(lcdgt) Femaes" , 1
"$local" , "(lcdgt) ‌Males" , 1
"http://id.loc.gov/authorities/demographicTerms/dg2015060003+http://id.loc.gov/authorities/subjects/sh85026944+http://id.loc.gov/authorities/subjects/sh85086017" , "Males+Clergy+Missionaries" , 1
"$local+$local+http://id.loc.gov/authorities/demographicTerms/dg2015060004" , "(lcdgt) rus+(lcdgt) bak+Females" , 1
"$local+http://id.loc.gov/authorities/demographicTerms/dg2015060004" , "ita+Females" , 1
"$local" , "teacher+miner+principal" , 1
"$local" , "(lcdgt) Novelists" , 1
"$local" , "female+cat+spa" , 1
"$local" , "Opawa school, 2015" , 1
"$local" , "felame" , 1
"http://id.loc.gov/authorities/demographicTerms/dg2015060004+http://id.loc.gov/authorities/demographicTerms/dg2015060611" , "Females+Nutritionists" , 1
"http://id.loc.gov/authorities/demographicTerms/dg2015060003+http://id.loc.gov/authorities/subjects/sh85108871" , "Males+Publishers and publishing" , 1
"http://id.loc.gov/authorities/subjects/sh85101651+http://id.loc.gov/authorities/subjects/sh90001077" , "Physicists+Computer scientists" , 1
"$local" , "lcsh+Women" , 1
"$local" , "(lcdgt) Femals" , 5
"$local" , "fele" , 1
"http://id.loc.gov/authorities/demographicTerms/dg2015060004+http://id.loc.gov/authorities/subjects/sh85008276+http://id.loc.gov/authorities/subjects/sh85049317" , "Females+Artists+Flower arrangers" , 1
"$local+http://id.loc.gov/authorities/subjects/sh85132964" , "female+Teachers" , 1
"$local" , "(lcdgt) Femaies" , 1
"$local+http://id.loc.gov/authorities/subjects/sh2002006249" , "eng+Women" , 1
"http://id.loc.gov/authorities/demographicTerms/dg2015060003+http://id.loc.gov/authorities/subjects/sh85088067+http://id.loc.gov/authorities/subjects/sh85118942" , "Males+Motion picture producers and directors+Screenwriters" , 1
"http://id.loc.gov/authorities/demographicTerms/dg2015060004+http://id.loc.gov/authorities/demographicTerms/dg2015060332" , "Females+South Americans" , 1
"http://id.loc.gov/authorities/subjects/sh00006942+http://id.loc.gov/authorities/subjects/sh85006565" , "Photographers+Architects" , 1
"$local" , "(lcdgt) Fema;es" , 1
"$local+$local+$local+http://id.loc.gov/authorities/demographicTerms/dg2015060003" , "hin+eng+mal+Males" , 1
"$local" , "frmale" , 1
"$local" , "male+Mathematician" , 1
"$local" , "femaies" , 1
"$local" , "tha" , 1
"$local+http://id.loc.gov/authorities/demographicTerms/dg2015060003" , "Researcher+Males" , 1
"$local" , "cat" , 2
"$local" , "(iso5218) 375 male" , 1
"$local" , "por+eng" , 1
"http://id.loc.gov/authorities/demographicTerms/dg2015060003+http://id.loc.gov/authorities/subjects/sh2001008984" , "Males+Theology" , 1
"$local+http://id.loc.gov/authorities/demographicTerms/dg2015060004" , "cze+Females" , 1
"$local" , "Journalist+Writer+male" , 1
"$local" , "male+Côte d'Ivoire" , 1
"$local" , "no known" , 1
"$local" , "female/male" , 1
"$local" , "ita+lat" , 1
"$local" , "(lc sh) Females" , 2
"$local+http://id.loc.gov/authorities/subjects/sh85006565" , "male+Architects" , 1
"$local" , "spa+female" , 4
"$local" , "male+Author" , 1
"http://id.loc.gov/authorities/demographicTerms/dg2015060003+http://id.loc.gov/authorities/demographicTerms/dg2016060260" , "Males+German Americans" , 1
"$local" , "alb" , 1
"http://id.loc.gov/authorities/demographicTerms/dg2015060003+http://id.loc.gov/authorities/names/n84091978" , "Males+II Università degli studi di Roma" , 1
"$local" , "Males 12 lcdgt+spa" , 1
"$local" , "mal̃e" , 1
"$local" , "(lcdgt) Fermales" , 2
"$local" , "(lcsh) Femles" , 2
"http://id.loc.gov/authorities/demographicTerms/dg2015060003+http://id.loc.gov/authorities/subjects/sh00006290+http://id.loc.gov/authorities/subjects/sh85009793" , "Males+Journalists+Authors" , 1
"$local" , "(lcsdgt) Males" , 3
"$local" , "male+per" , 1
"$local+http://id.loc.gov/authorities/subjects/sh85088067+http://id.loc.gov/authorities/subjects/sh85096653" , "male+Motion picture producers and directors+Painters" , 1
"$local" , "(lvdgt) Males" , 1
"$local" , "rus+male" , 1
"http://id.loc.gov/authorities/demographicTerms/dg2015060004+http://id.loc.gov/authorities/demographicTerms/dg2015060389" , "Females+Psychologists" , 1
"$local" , "Males 12 lcdgt" , 1
"$local" , "eng+male" , 4
"http://id.loc.gov/authorities/subjects/sh85020199+http://id.loc.gov/authorities/subjects/sh85106637" , "Cardinals+Priests" , 1
"$local" , "ger+male" , 1
"http://id.loc.gov/authorities/subjects/sh85028378+http://id.loc.gov/authorities/subjects/sh85061256" , "College teachers+History teachers" , 1
"$local+http://id.loc.gov/authorities/subjects/sh00006290+http://id.loc.gov/authorities/subjects/sh85034154" , "male+Journalists+Critics" , 1
"$local" , "shn+bur" , 1
"$local+$local+http://id.loc.gov/authorities/demographicTerms/dg2015060003" , "ger+eng+Males" , 1
"$local" , "male+Sociologist" , 1
"http://id.loc.gov/authorities/subjects/sh85080137+http://id.loc.gov/authorities/subjects/sh85108798+http://id.loc.gov/authorities/subjects/sh90003323" , "Males+Public relations consultants+Newspaper editors" , 1
"$local" , "Males  $2 lcdgt" , 1
"$local" , "melw" , 1
"http://id.loc.gov/authorities/subjects/sh85137086" , "Transsexuals" , 2
"$local+http://id.loc.gov/authorities/demographicTerms/dg2015060004" , "ger+Females" , 1
"$local" , "gender" , 2
"$local+$local+http://id.loc.gov/authorities/demographicTerms/dg2015060004" , "pol+eng+Females" , 1
"$local" , "bos" , 1
"$local" , "(lcdgt) not known" , 1
"$local" , "Hernández, Óscar Daniel" , 1
"http://id.loc.gov/authorities/demographicTerms/dg2015060003+http://id.loc.gov/authorities/subjects/sh85136974" , "Males+Translators" , 2
"$local" , "(lcsh) Gender nonconforming people" , 1
"$local+http://id.loc.gov/authorities/demographicTerms/dg2015060359" , "fre+Men" , 1
"$local+http://id.loc.gov/authorities/subjects/sh85064419" , "Females+Illustrators" , 1
"$local+http://id.loc.gov/authorities/demographicTerms/dg2015060003" , "(mesh) Male+Males" , 2
"$local" , "(lcdgt) Male4s" , 1
"$local" , "lit+eng+female" , 1
"$local+http://id.loc.gov/authorities/subjects/sh85009793+http://id.loc.gov/authorities/subjects/sh85060718" , "female+Authors+High school teachers" , 1
"http://id.loc.gov/authorities/subjects/sh99003386" , "Sound engineers" , 1
"$local+http://id.loc.gov/authorities/demographicTerms/dg2015060006" , "male+Transgender people" , 1
"$local" , "(lcgft) females" , 2
"$local" , "eng+male+ita" , 1
"http://id.loc.gov/authorities/subjects/sh85082138+http://id.loc.gov/authorities/subjects/sh85082186" , "Mathematicians+Mathematics teachers" , 1
"$local" , "(lcsh) M3n" , 1
"$local" , "(lcsh) Traumpet players" , 1
"http://id.loc.gov/authorities/demographicTerms/dg2015060003+http://id.loc.gov/authorities/subjects/sh85009793+http://id.loc.gov/authorities/subjects/sh85047114" , "Males+Authors+Fantasy fiction" , 1
"http://id.loc.gov/authorities/subjects/sh85055012" , "Girls" , 2
"http://id.loc.gov/authorities/demographicTerms/dg2015060358+http://id.loc.gov/authorities/subjects/sh85143635" , "Women+Violinists" , 1
"$local" , "(lcdgt) Feemales" , 1
"$local+$local+http://id.loc.gov/authorities/demographicTerms/dg2015060359" , "(lcdgt) males+male+Men" , 1
"$local+http://id.loc.gov/authorities/subjects/sh85100820" , "female+Philologists" , 1
"$local+http://id.loc.gov/authorities/demographicTerms/dg2015060003" , "ukr+Males" , 1
"$local" , "Transgender people $2 lcsh" , 1
"$local" , "(lcdgt) Femalesd" , 1
"$local+http://id.loc.gov/authorities/subjects/sh85014419" , "male+Bishops" , 1
"http://id.loc.gov/authorities/demographicTerms/dg2015060006+http://id.loc.gov/authorities/subjects/sh2018002623" , "Transgender people+Transgender women" , 1
"$local" , "Trans" , 1
"http://id.loc.gov/authorities/demographicTerms/dg2015060003+http://id.loc.gov/authorities/demographicTerms/dg2015060004+http://id.loc.gov/authorities/subjects/sh2002011161" , "Males+Females+Female-to-male transsexuals" , 1
"$local" , "male+arm" , 2
"http://id.loc.gov/authorities/demographicTerms/dg2015060003+http://id.loc.gov/authorities/subjects/sh85064850" , "Males+Independent insurance agents" , 1
"http://id.loc.gov/authorities/demographicTerms/dg2015060003+http://id.loc.gov/authorities/subjects/sh00006383" , "Males+Lawyers" , 1
"$local" , "male+eng+afr" , 1
"$local+http://id.loc.gov/authorities/demographicTerms/dg2015060003+http://id.loc.gov/authorities/demographicTerms/dg2015060004+http://id.loc.gov/authorities/demographicTerms/dg2015060005" , "Transsexual woman+Males+Females+Transsexuals" , 1
"$local" , "eng+tgl" , 1
"$local" , "female+Richard Stockton College of New Jersey" , 1
"http://id.loc.gov/authorities/subjects/sh2018002623" , "Transgender women" , 2
"$local+$local+http://id.loc.gov/authorities/demographicTerms/dg2015060359" , "eng+spa+Men" , 1
"$local" , "male+Researcher" , 1
"http://id.loc.gov/authorities/demographicTerms/dg2015060519" , "Motion picture editors" , 1
"$local" , "(homoit) Genderqueer people+Transgenderqueer" , 1
"$local" , "(lcdgt) http://apeuumbanda.blogspot.com/2012/07/entrevista-de-sandro-mattos-ao-blog-da.htmlMales" , 1
"http://id.loc.gov/authorities/demographicTerms/dg2015060767" , "Architects" , 1
"$local" , "(l csh) Females" , 2
"$local" , "are+rus" , 1
"http://id.loc.gov/authorities/subjects/sh85008276+http://id.loc.gov/authorities/subjects/sh85009793+http://id.loc.gov/authorities/subjects/sh85083510+http://id.loc.gov/authorities/subjects/sh85133601+http://id.loc.gov/authorities/subjects/sh85133631" , "Artists+Authors+Men+Television producers and directors+Television writers" , 1
"$local" , "(lcdgt) ales" , 2
"$local" , "bak+rus" , 1
"$local" , "(lcsh) Fedmales" , 1
"$local" , "male+transsexual woman" , 1
"$local" , "(lcdft) Males" , 1
"$local" , "males+eng" , 1
"$local" , "nep" , 1
"$local" , "fin+eng" , 1
"http://id.loc.gov/authorities/demographicTerms/dg2015060004+http://id.loc.gov/authorities/subjects/sh2004005894" , "Females+Voice actors and actresses" , 1
"http://id.loc.gov/authorities/demographicTerms/dg2015060003+http://id.loc.gov/authorities/demographicTerms/dg2015060497" , "Males+Jesuits" , 1
"http://id.loc.gov/authorities/demographicTerms/dg2015060003+http://id.loc.gov/authorities/subjects/sh92004758" , "Males+Addicts" , 1
"$local" , "femaile" , 2
"http://id.loc.gov/authorities/demographicTerms/dg2015060004+http://id.loc.gov/authorities/subjects/sh00006942" , "Females+Photographers" , 1
"$local" , "(lcdgt) Malests" , 1
"http://id.loc.gov/authorities/subjects/sh85029386+http://id.loc.gov/authorities/subjects/sh85143635" , "Composers+Violinists" , 1
"$local+http://id.loc.gov/authorities/demographicTerms/dg2015060004" , "ben+Females" , 1
"$local" , "male+Teacher+Principal" , 1
"$local" , "(lcdgt) Ffemales" , 1
"$local" , "bur+female" , 1
"$local+http://id.loc.gov/authorities/subjects/sh85028967" , "male+Commission merchants" , 1
"$local" , "guj" , 1
"$local" , "(lcsh) 375  Females" , 1
"$local" , "(lcdgt) Females;" , 2
"$local" , "(lcsg) Males" , 1
"$local" , "(homoit) Third gender people" , 1
"$local" , "femlale" , 1
"$local+http://id.loc.gov/authorities/demographicTerms/dg2015060004" , "dut+Females" , 1
"$local" , "jpn" , 1
"$local" , "tel" , 2
"$local" , "rus+eng+male" , 1
"$local" , "ger+eng" , 2
"$local" , "eng+male+spa" , 1
"http://id.loc.gov/authorities/subjects/sh85103733" , "Poets" , 1
"$local+$local+http://id.loc.gov/authorities/demographicTerms/dg2015060358" , "(lcdgt) females+female+Women" , 1
"$local" , "(lcash) Males" , 1
"http://id.loc.gov/authorities/demographicTerms/dg2015060003+http://id.loc.gov/authorities/subjects/sh85149268" , "Males+Young adult literature" , 1
"$local+http://id.loc.gov/authorities/demographicTerms/dg2015060004" , "ukr+Females" , 1
"$local+$local+http://id.loc.gov/authorities/demographicTerms/dg2015060003" , "rus+ukr+Males" , 1
"$local" , "mazle" , 1
"http://id.loc.gov/authorities/demographicTerms/dg2015060003+http://id.loc.gov/authorities/subjects/sh96008258" , "Males+Woodwind instrument players" , 1
"http://id.loc.gov/authorities/demographicTerms/dg2015060003+http://id.loc.gov/authorities/demographicTerms/dg2015060006+http://id.loc.gov/authorities/subjects/sh2018002395" , "Males+Transgender people+Transgender men" , 1
"$local+http://id.loc.gov/authorities/subjects/sh00006383" , "male+Lawyers" , 1
"http://id.loc.gov/authorities/demographicTerms/dg2015060003+http://id.loc.gov/authorities/demographicTerms/dg2016060077" , "Males+Historians" , 1
"$local+$local+http://id.loc.gov/authorities/subjects/sh2007003860" , "intersex+female+Intersex people" , 1
"$local" , "rus+ger" , 1
"$local" , "(lcdgt) Male." , 1
"$local" , "(lcdgt) Mels" , 1
"http://id.loc.gov/authorities/demographicTerms/dg2015060003+http://id.loc.gov/authorities/subjects/sh85008276+http://id.loc.gov/authorities/subjects/sh85096653" , "Males+Artists+Painters" , 1
"$local" , "(lcdgt) Woman" , 1
"$local" , "University of the West Indies (Saint Augustine, Trinidad and Tobago). Department of Civil and Environmental Engineering, Faculty of Engineering+(lcdgt) Male" , 1
"$local" , "wel+eng" , 1
"$local" , "multi-gendered" , 1
"$local+$local+$local+http://id.loc.gov/authorities/demographicTerms/dg2015060003" , "Tenor horn player+Euphonium player+Baritone player+Males" , 1
"$local" , "sco+eng" , 1
"$local" , "Males lcdgt" , 1
"http://id.loc.gov/authorities/subjects/sh85025618+http://id.loc.gov/authorities/subjects/sh85026944+http://id.loc.gov/authorities/subjects/sh85028378+http://id.loc.gov/authorities/subjects/sh85134647+http://id.loc.gov/authorities/subjects/sh99003924" , "Church historians+Clergy+College teachers+Theologians+Library directors" , 1
"$local+http://id.loc.gov/authorities/subjects/sh85124199" , "female+Sociologists" , 1
"$local" , "(lcdgt) Malee" , 2
"$local+http://id.loc.gov/authorities/subjects/sh85031469+http://id.loc.gov/authorities/subjects/sh85040976+http://id.loc.gov/authorities/subjects/sh85104266" , "female+Consultants+Editors+Policy scientists" , 1
"http://id.loc.gov/authorities/demographicTerms/dg2015060003+http://id.loc.gov/authorities/subjects/sh85029386+http://id.loc.gov/authorities/subjects/sh85089027" , "Males+Composers+Musicians" , 1
"$local" , "Communications director+female+Sales associate+Fundraiser" , 1
"$local" , "famele" , 1
"http://id.loc.gov/authorities/subjects/sh85001422+http://id.loc.gov/authorities/subjects/sh85028378" , "Aerospace engineers+College teachers" , 1
"$local" , "male+Professor" , 1
"$local" , "Hangzhou dian zi ke ji da xue ren wen yu fa xue yuan wen hua chuan bo xi)" , 1
"$local" , "(lcdgt) Malews" , 1
"http://id.loc.gov/authorities/demographicTerms/dg2015060003+http://id.loc.gov/authorities/demographicTerms/dg2015060391+http://id.loc.gov/authorities/demographicTerms/dg2016060021" , "Males+Composers+Music teachers" , 1
"$local+http://id.loc.gov/authorities/subjects/sh85000744" , "male+Actors" , 2
"$local" , "Chung i jen ming tzʻu tien, 1988." , 1
"$local" , "(lcdgt) Felales" , 1
"$local" , "srp+eng" , 1
"$local+http://id.loc.gov/authorities/subjects/sh85064419" , "female+Illustrators" , 1
"$local" , "(ldgt) Females" , 1
"$local" , "Male." , 1
"$local+http://id.loc.gov/authorities/demographicTerms/dg2015060003" , "(lcdgt) lcsh+Males" , 1
"$local" , "urdu" , 1
"$local" , "hin+eng+san+male" , 1
"$local" , "femaie" , 1
"http://id.loc.gov/authorities/subjects/sh85008992" , "Astronomers" , 1
"http://id.loc.gov/authorities/subjects/sh85008276+http://id.loc.gov/authorities/subjects/sh85064419" , "Artists+Illustrators" , 1
"http://id.loc.gov/authorities/subjects/sh85118942" , "Screenwriters" , 1
"$local" , "hrv" , 1
"$local+http://id.loc.gov/authorities/subjects/sh85088067" , "(lcsh) Screenwriter+Motion picture producers and directors" , 1
"http://id.loc.gov/authorities/demographicTerms/dg2015060302" , "Gays" , 1
"http://id.loc.gov/authorities/demographicTerms/dg2015060004+http://id.loc.gov/authorities/subjects/sh85009793+http://id.loc.gov/authorities/subjects/sh91001411" , "Females+Authors+Fashion designers" , 1
"$local" , "transgender male" , 1
"$local" , "bul+rus" , 1
"http://id.loc.gov/authorities/demographicTerms/dg2015060003+http://id.loc.gov/authorities/subjects/sh85088762" , "Males+Music" , 1
"http://id.loc.gov/authorities/subjects/sh85088762" , "Music" , 1
"http://id.loc.gov/authorities/demographicTerms/dg2015060003+http://id.loc.gov/authorities/subjects/sh85008085" , "Males+Art teachers" , 1
"$local" , "(lcdgt) Fe/Males" , 1
"http://id.loc.gov/authorities/subjects/sh85009793+http://id.loc.gov/authorities/subjects/sh85118942+http://id.loc.gov/authorities/subjects/sh85133601" , "Authors+Screenwriters+Television producers and directors" , 1
"$local" , "xal+rus" , 1
"$local" , "Males2lcdgt" , 2
"http://id.loc.gov/authorities/names/n80046224+http://id.loc.gov/authorities/subjects/sh85080137" , "Quito (Ecuador)+Males" , 1
"http://id.loc.gov/authorities/subjects/sh85047734+http://id.loc.gov/authorities/subjects/sh85077231+http://id.loc.gov/authorities/subjects/sh85136974" , "Females+Linguists+Translators" , 1
"$local+$local+http://id.loc.gov/authorities/demographicTerms/dg2015060003" , "swe+eng+Males" , 1
"$local" , "fenmale" , 1
"http://id.loc.gov/authorities/demographicTerms/dg2015060003+http://id.loc.gov/authorities/subjects/sh85016805+http://id.loc.gov/authorities/subjects/sh85083783" , "Males+Brickmakers+Merchants" , 1
"$local" , "(lcdgt ) Females" , 1
"http://id.loc.gov/authorities/demographicTerms/dg2015060004+http://id.loc.gov/authorities/subjects/sh2018002623" , "Females+Transgender women" , 1
"$local" , "mle" , 1
"$local" , "(lcddt) Males" , 1
"$local" , "(lcdgt) dut" , 1
"$local" , "Females lcdgt" , 1
"$local" , "male+ger" , 1
"$local" , "male or female" , 1
"$local" , "male5" , 1
"http://id.loc.gov/authorities/demographicTerms/dg2015060003+http://id.loc.gov/authorities/subjects/sh00006290" , "Males+Journalists" , 1
"http://id.loc.gov/authorities/demographicTerms/dg2015060003+http://id.loc.gov/authorities/demographicTerms/dg2015060535" , "Males+Cuban Americans" , 1
"$local" , "bul+male" , 1
"http://id.loc.gov/authorities/demographicTerms/dg2015060004+http://id.loc.gov/authorities/demographicTerms/dg2015060006+http://id.loc.gov/authorities/subjects/sh2017004882" , "Females+Transgender people+Gender-nonconforming people" , 1
"$local" , "(lcdgt) Malels" , 1
"$local" , "woman" , 1
"$local" , "(iso5218) Not known" , 1
"$local+$local+http://id.loc.gov/authorities/subjects/sh85080137" , "Social policy researcher+Benefits and debt administrator+Males" , 1
"$local" , "(lcdgt) Malles" , 1
"$local+$local+http://id.loc.gov/authorities/demographicTerms/dg2015060359" , "male+(lcdgt) males+Men" , 1
"$local" , "Females $2lcdgt" , 1
"http://id.loc.gov/authorities/subjects/sh85028378+http://id.loc.gov/authorities/subjects/sh85047734" , "College teachers+Females" , 1
"http://id.loc.gov/authorities/demographicTerms/dg2015060003+http://id.loc.gov/authorities/subjects/sh85007488+http://id.loc.gov/authorities/subjects/sh85028378" , "Males+Art--History+College teachers" , 1
"http://id.loc.gov/authorities/demographicTerms/dg2015060004+http://id.loc.gov/authorities/subjects/sh85055980+http://id.loc.gov/authorities/subjects/sh85122826" , "Females+Gospel musicians+Singers" , 1
"$local+http://id.loc.gov/authorities/demographicTerms/dg2015060003" , "Narrator of audiobooks+Males" , 1
"$local" , "cze+ukr" , 1
"$local" , "(lcsh) Fermales" , 1
"$local+http://id.loc.gov/authorities/demographicTerms/dg2015060004" , "cnr+Females" , 1
"$local+http://id.loc.gov/authorities/demographicTerms/dg2015060004" , "chi+Females" , 1
"http://id.loc.gov/authorities/demographicTerms/dg2015060004+http://id.loc.gov/authorities/subjects/sh00006290+http://id.loc.gov/authorities/subjects/sh00006383+http://id.loc.gov/authorities/subjects/sh85009793" , "Females+Journalists+Lawyers+Authors" , 1
"http://id.loc.gov/authorities/demographicTerms/dg2015060004+http://id.loc.gov/authorities/demographicTerms/dg2015060535" , "Females+Cuban Americans" , 1
"http://id.loc.gov/authorities/demographicTerms/dg2015060004+http://id.loc.gov/authorities/subjects/sh85006565" , "Females+Architects" , 1
"$local+http://id.loc.gov/authorities/subjects/sh85028378" , "(iso5218) male+College teachers" , 1
"http://id.loc.gov/authorities/demographicTerms/dg2015060004+http://id.loc.gov/authorities/subjects/sh85028378" , "Females+College teachers" , 3
"$local+http://id.loc.gov/authorities/demographicTerms/dg2015060003" , "(lcdgt) University and college faculty member+Males" , 1
"http://id.loc.gov/authorities/subjects/sh00006942" , "Photographers" , 1
"$local" , "(lcsh) Frmales" , 1
"$local" , "(lcdgt) Males n" , 1
"$local" , "(lcdt) Females" , 2
"$local" , "eng+Females+spa" , 1
"$local" , "Law professor" , 1
"$local" , "epo" , 1
"http://id.loc.gov/authorities/demographicTerms/dg2015060004+http://id.loc.gov/authorities/subjects/sh85013119" , "Females+Benedictine nuns" , 1
"http://id.loc.gov/authorities/subjects/sh85143635" , "Violinists" , 1
"$local" , "(lcdgt) 9Males" , 1
"http://id.loc.gov/authorities/subjects/sh99011240" , "Arrangers (Musicians)" , 1
"http://id.loc.gov/authorities/demographicTerms/dg2015060004+http://id.loc.gov/authorities/subjects/sh85028378+http://id.loc.gov/authorities/subjects/sh85123382" , "Females+College teachers+Slavists" , 1
"$local" , "Femalesd2lcdgt" , 2
"$local" , "lcdgt+Females" , 2
"http://id.loc.gov/authorities/demographicTerms/dg2015060359+http://id.loc.gov/authorities/subjects/sh85008276+http://id.loc.gov/authorities/subjects/sh85064419" , "Men+Artists+Illustrators" , 1
"http://id.loc.gov/authorities/demographicTerms/dg2015060004+http://id.loc.gov/authorities/subjects/sh85122826" , "Females+Singers" , 1
"$local" , "(ldgt) Men" , 1
"$local" , "Femals" , 1
"$local" , "ori" , 1
"$local+http://id.loc.gov/authorities/demographicTerms/dg2015060004+http://id.loc.gov/authorities/demographicTerms/dg2015060006" , "Fa'afafine+Females+Transgender people" , 1
"http://id.loc.gov/authorities/demographicTerms/dg2015060006+http://id.loc.gov/authorities/demographicTerms/dg2016060025" , "Transgender people+Intersex people" , 1
"$local" , "eng+bul" , 1
"http://id.loc.gov/authorities/subjects/sh85100820" , "Philologists" , 1
"$local" , "female]" , 1
"$local" , "male+not known" , 1
"http://id.loc.gov/authorities/demographicTerms/dg2015060003+http://id.loc.gov/authorities/demographicTerms/dg2015060071" , "Males+Fire fighters" , 1
"$local" , "spa+eng" , 1
"$local" , "(kcdgt) Females" , 1
"$local" , "Hemchandra, Ch." , 1
"$local" , "male+(lcdgt) Male" , 1
"$local" , "male+ara" , 1
"http://id.loc.gov/authorities/demographicTerms/dg2015060004+http://id.loc.gov/authorities/subjects/sh85076160+http://id.loc.gov/authorities/subjects/sh95004103" , "Females+Lesbians+Two-spirit people" , 1
"$local" , "make" , 2
"$local" , "Males. $2 lcdgt" , 1
"$local" , "female+transsexual" , 1
"$local" , "spa+(lcdgt) males" , 1
"$local+$local+http://id.loc.gov/authorities/demographicTerms/dg2015060004" , "Bois+Gender non-conformists+Females" , 1
"$local" , "(lcdgt) Famles" , 1
"$local+http://id.loc.gov/authorities/demographicTerms/dg2015060003" , "(lcdgt) Sex+Males" , 1
"$local" , "Nonbinary+Non-binary" , 1
"$local+http://id.loc.gov/authorities/subjects/sh85124199" , "male+Sociologists" , 1
"$local+http://id.loc.gov/authorities/demographicTerms/dg2015060003" , "tam+Males" , 2
"$local" , "cat+spa" , 1
"http://id.loc.gov/authorities/demographicTerms/dg2015060003+http://id.loc.gov/authorities/subjects/sh85009793+http://id.loc.gov/authorities/subjects/sh90003322" , "Males+Authors+Periodical editors" , 1
"http://id.loc.gov/authorities/subjects/sh85023598" , "Children's literature" , 1
"http://id.loc.gov/authorities/demographicTerms/dg2015060004+http://id.loc.gov/authorities/subjects/sh85075333" , "Females+Law teachers" , 1
"$local" , "(lcdgt) mles" , 1
"$local" , "(lcdgt) Maels" , 2
"$local" , "Transgender woman" , 1
"$local" , "tgl+eng" , 1
"$local" , "Males lcsh" , 1
"http://id.loc.gov/authorities/demographicTerms/dg2015060301" , "Bisexuals" , 1
"http://id.loc.gov/authorities/subjects/sh85040976+http://id.loc.gov/authorities/subjects/sh85089047" , "Editors+Musicologists" , 1
"http://id.loc.gov/authorities/demographicTerms/dg2015060004+http://id.loc.gov/authorities/subjects/sh91005358" , "Females+Gestalt therapists" , 1
"$local" , "(lcdgt) Gender non-binary femmes" , 1
"http://id.loc.gov/authorities/demographicTerms/dg2015060004+http://id.loc.gov/authorities/demographicTerms/dg2015060005+http://id.loc.gov/authorities/subjects/sh2006002132" , "Females+Transsexuals+Male-to-female transsexuals" , 1
"$local" , "(lcdgt) gender - Males Females other" , 1
"http://id.loc.gov/authorities/demographicTerms/dg2015060003+http://id.loc.gov/authorities/subjects/sh2002011142+http://id.loc.gov/authorities/subjects/sh85026013" , "Males+Camera operators+Cinematographers" , 1
"$local" , "(lcs h) Males" , 1
"$local" , "remale" , 2
"$local" , "(lcsh) not known" , 2
"$local" , "Poets" , 1
"$local" , "Author" , 1
"http://id.loc.gov/authorities/subjects/sh85009793+http://id.loc.gov/authorities/subjects/sh85083510" , "Authors+Men" , 1
"$local" , "male iso5218" , 1
"http://id.loc.gov/authorities/demographicTerms/dg2015060004+http://id.loc.gov/authorities/subjects/sh85040976+http://id.loc.gov/authorities/subjects/sh85103733" , "Females+Editors+Poets" , 1
"$local" , "Males$2lcdgt" , 1
"$local" , "(edtf) Men" , 1
"$local" , "(lcdgt) Mailes" , 1
"$local" , "arm+(lcdgt) males" , 1
"$local" , "(lcsh) Translator" , 1
"$local" , "fre+male" , 1
"$local+http://id.loc.gov/authorities/subjects/sh85080137" , "fre+Males" , 1
"http://id.loc.gov/authorities/demographicTerms/dg2015060003+http://id.loc.gov/authorities/subjects/sh85029386+http://id.loc.gov/authorities/subjects/sh85079181+http://id.loc.gov/authorities/subjects/sh85089027+http://id.loc.gov/authorities/subjects/sh85125387" , "Males+Composers+Lyricists+Musicians+Sound recording executives and producers" , 1
"$local" , "(lcdgt) Malas" , 1
"http://id.loc.gov/authorities/demographicTerms/dg2015060004+http://id.loc.gov/authorities/demographicTerms/dg2015060206+http://id.loc.gov/authorities/demographicTerms/dg2016060300" , "Females+Nuns+Missionaries" , 1
"http://id.loc.gov/authorities/demographicTerms/dg2015060003+http://id.loc.gov/authorities/demographicTerms/dg2015060848" , "Males+Ukrainians" , 1
"http://id.loc.gov/authorities/demographicTerms/dg2015060003+http://id.loc.gov/authorities/demographicTerms/dg2015060004+http://id.loc.gov/authorities/demographicTerms/dg2015060005+http://id.loc.gov/authorities/subjects/sh2006002132" , "Males+Females+Transsexuals+Male-to-female transsexuals" , 1
"http://id.loc.gov/authorities/demographicTerms/dg2015060003+http://id.loc.gov/authorities/subjects/sh85009793+http://id.loc.gov/authorities/subjects/sh85042503" , "Males+Authors+Elementary school teachers" , 1
"$local" , "femenino" , 1
"$local+http://id.loc.gov/authorities/subjects/sh85047734" , "Females" , 1
"$local+http://id.loc.gov/authorities/subjects/sh85001794+http://id.loc.gov/authorities/subjects/sh87000635" , "female+African American artists+African American fashion designers" , 1
"$local" , "(lcsh) Nonbinary people" , 1
"http://id.loc.gov/authorities/subjects/sh85132964" , "Teachers" , 1
"$local" , "Author+female" , 1
"$local" , "(lcdgt) College teachers+(lcdgt) Authors" , 1
"$local" , "est" , 1
"$local+http://id.loc.gov/authorities/demographicTerms/dg2015060003" , "Males" , 1
"http://id.loc.gov/authorities/demographicTerms/dg2015060004+http://id.loc.gov/authorities/subjects/sh2008007236+http://id.loc.gov/authorities/subjects/sh85009793+http://id.loc.gov/authorities/subjects/sh85113262" , "Females+Sommeliers+Authors+Restaurateurs" , 1
"$local" , "lcsh+Females" , 1
"$local+http://id.loc.gov/authorities/demographicTerms/dg2015060003+http://id.loc.gov/authorities/demographicTerms/dg2015060006" , "(homoit) Transgender people+Males+Transgender people" , 1
"$local" , "(lcsdt) Females" , 1
"$local" , "(lcdgt) females+eng" , 1
"$local+$local+http://id.loc.gov/authorities/demographicTerms/dg2015060004" , "cpe+eng+Females" , 1
"$local" , "pus+male" , 1
"$local+$local+http://id.loc.gov/authorities/subjects/sh2007003708" , "male+female+Transgender people" , 1
"http://id.loc.gov/authorities/demographicTerms/dg2015060003+http://id.loc.gov/authorities/subjects/sh00006290+http://id.loc.gov/authorities/subjects/sh85136974" , "Males+Journalists+Translators" , 1
"$local+http://id.loc.gov/authorities/demographicTerms/dg2015060003" , "(lcdgt) Computer scientists+Males" , 1
"$local+http://id.loc.gov/authorities/demographicTerms/dg2015060004+http://id.loc.gov/authorities/demographicTerms/dg2015060006" , "Transgender woman+Females+Transgender people" , 1
"$local" , "famel" , 1
"$local" , "(lcs) Females" , 1
"http://id.loc.gov/authorities/subjects/sh85047734+http://id.loc.gov/authorities/subjects/sh85053741" , "Females+Genealogists" , 1
"$local" , "(lcdgt) Femalea" , 1
"$local" , "(lcshb) Males" , 1
"http://id.loc.gov/authorities/demographicTerms/dg2015060004+http://id.loc.gov/authorities/demographicTerms/dg2015060821" , "Females+Senegalese" , 1
"$local" , "afr+eng+male" , 1
"http://id.loc.gov/authorities/demographicTerms/dg2015060003+http://id.loc.gov/authorities/demographicTerms/dg2015060004+http://id.loc.gov/authorities/subjects/sh2018002623" , "Males+Females+Transgender women" , 1
"$local" , "few" , 1
"$local" , "por+male" , 1
"http://id.loc.gov/authorities/subjects/sh85124554" , "Soldiers" , 1
"http://id.loc.gov/authorities/subjects/sh85026718+http://id.loc.gov/authorities/subjects/sh85100820+http://id.loc.gov/authorities/subjects/sh85132964+http://id.loc.gov/authorities/subjects/sh85136974" , "Classicists+Philologists+Teachers+Translators" , 1
"$local" , "(lcsh) University and college faculty members" , 1
"$local" , "(lcgdt) Men" , 1
"$local+$local+$local+http://id.loc.gov/authorities/demographicTerms/dg2015060359" , "Pianists+lcsh+Singers+Men" , 1
"$local" , "(lcsh) Femals" , 1
"$local" , "(lcdgt) Malex" , 1
"$local" , "(lcdgt) FEmales" , 1
"http://id.loc.gov/authorities/subjects/sh85008276+http://id.loc.gov/authorities/subjects/sh85009793" , "Artists+Authors" , 1
"$local+http://id.loc.gov/authorities/subjects/sh00006942" , "male+Photographers" , 1
"$local" , "ara+male" , 1
"$local" , "Compilers" , 1
"$local" , "Artist+Graphic designer+male+Author" , 1
"$local+$local+http://id.loc.gov/authorities/subjects/sh2002006249" , "eng+rus+Women" , 1
"$local+http://id.loc.gov/authorities/demographicTerms/dg2015060003" , "fre+Males" , 1
"http://id.loc.gov/authorities/demographicTerms/dg2016060186" , "Sociology teachers" , 1
"$local" , "(lcdgt) Fewmales" , 1
"$local" , "fre+(lcgbt) males" , 1
"$local+http://id.loc.gov/authorities/subjects/sh2011000268+http://id.loc.gov/authorities/subjects/sh85064419+http://id.loc.gov/authorities/subjects/sh85096653" , "male+Graffiti artists+Illustrators+Painters" , 1
"$local" , "not known+male" , 1
"http://id.loc.gov/authorities/subjects/sh85118236" , "Scholars" , 1
"http://id.loc.gov/authorities/demographicTerms/dg2015060004+http://id.loc.gov/authorities/demographicTerms/dg2015060391" , "Females+Composers" , 1
"$local" , "vie" , 1
"$local" , "(homoit) Non-binary people" , 1
"http://id.loc.gov/authorities/demographicTerms/dg2015060003+http://id.loc.gov/authorities/demographicTerms/dg2015060340" , "Males+Germans" , 1
"http://id.loc.gov/authorities/subjects/sh85108377" , "Psychiatrists" , 1
"$local" , "eng+ice+dan" , 1
"http://id.loc.gov/authorities/demographicTerms/dg2015060003+http://id.loc.gov/authorities/subjects/sh85064419" , "Males+Illustrators" , 1
"http://id.loc.gov/authorities/subjects/sh2016000243+http://id.loc.gov/authorities/subjects/sh85047734" , "Bloggers+Females" , 1
"$local" , "(iso5218) Females" , 1
"$local" , "lcsh+males" , 1
"$local+http://id.loc.gov/authorities/demographicTerms/dg2015060345" , "(lcgft) Males+Armenians" , 1
"$local" , "spa+male+eng" , 1
"$local" , "female+snd" , 1
"$local" , "transgender woman" , 1
"$local" , "(edtf) males" , 1
